interval,model,n_runs,mean_accuracy_mean,mean_accuracy_std,mean_accuracy_95ci_lo,mean_accuracy_95ci_hi,total_reward_mean,total_reward_std,total_reward_95ci_lo,total_reward_95ci_hi,adaptation_time_mean,adaptation_time_std,adaptation_time_95ci_lo,adaptation_time_95ci_hi,mean_gamma_mean,mean_gamma_std,mean_gamma_95ci_lo,mean_gamma_95ci_hi,log_likelihood_mean,log_likelihood_std,log_likelihood_95ci_lo,log_likelihood_95ci_hi,aic_mean,aic_std,aic_95ci_lo,aic_95ci_hi,bic_mean,bic_std,bic_95ci_lo,bic_95ci_hi
160,M1,20,0.9569374999999999,0.0114022951867734,0.9516010615863375,0.9622739384136623,510.8,24.308543007714277,499.42325167331177,522.1767483266882,2.2,0.5536957173108901,1.940862427525498,2.4591375724745026,2.5,0.0,2.5,2.5,-347.1114542035611,3.2636655003109794,-348.63889667544225,-345.58401173167994,700.2229084071222,6.5273310006219605,697.1680234633599,703.2777933508845,714.2767435901259,6.5273310006219605,711.2218586463636,717.3316285338882
160,M2,20,0.9557500000000001,0.01090026556895218,0.9506485186799276,0.9608514813200726,509.7,23.090440035924644,498.8933414126122,520.5066585873877,2.2,0.5536957173108901,1.940862427525498,2.4591375724745026,2.1500562477462517,0.014316432291249548,2.143355951185412,2.1567565443070915,-414.6554702932309,5.877532968429249,-417.40624039666375,-411.90470018979806,837.3109405864618,11.755065936858516,831.8094003795961,842.8124807933275,856.0493874971335,11.755065936858516,850.5478472902678,861.5509277039992
160,M3,20,0.9563749999999999,0.01092663934466682,0.9512611753729412,0.9614888246270585,510.7,23.684549705173666,499.6152895284103,521.7847104715897,2.2125,0.5576914351521864,1.951492374011782,2.473507625988218,2.4999999999974998,0.0,2.4999999999974998,2.4999999999974998,-33.84500044839469,2.882397048959428,-35.19400379232994,-32.49599710445945,95.69000089678939,5.764794097918856,92.9919942089189,98.38800758465987,161.27456508414033,5.764794097918856,158.57655839626983,163.97257177201084
40,M1,20,0.9121875000000002,0.011498533945453084,0.9068060204608197,0.9175689795391806,462.4,22.549127652632972,451.8466834063662,472.95331659363376,2.307894736842105,0.36475221114585776,2.1371854472523273,2.478604026431883,2.5,0.0,2.5,2.5,-353.8236121670715,3.0818749072079155,-355.2659740224288,-352.38125031171415,713.647224334143,6.163749814415813,710.7625006234283,716.5319480448576,727.7010595171467,6.163749814415813,724.8163358064321,730.5857832278614
40,M2,20,0.9115625000000002,0.011083378676862777,0.9063753191074212,0.9167496808925791,461.8,20.975173294560452,451.9833167209916,471.61668327900844,2.278947368421053,0.35822862053328347,2.111291213219545,2.4466035236225605,2.1208376710605963,0.013404159685544533,2.1145643312218083,2.1271110108993843,-426.72689899576034,5.547249543076656,-429.3230916979265,-424.1307062935942,861.4537979915206,11.094499086153323,856.2614125871883,866.6461833958529,880.1922449021922,11.094499086153323,874.9998594978599,885.3846303065245
40,M3,20,0.9118750000000002,0.011279201866126966,0.9065961710337345,0.917153828966266,462.1,22.009328165934313,451.7993173427193,472.40068265728075,2.3052631578947365,0.332257582797931,2.149761822503049,2.460764493286424,2.4999999999974998,0.0,2.4999999999974998,2.4999999999974998,-39.12866527011178,2.8601329455602142,-40.467248692910175,-37.79008184731339,106.25733054022355,5.720265891120428,103.58016369462676,108.93449738582034,171.84189472757453,5.72026589112043,169.16472788197774,174.5190615731713
80,M1,20,0.9435624999999999,0.010278002506631124,0.9387522467576765,0.9483727532423232,494.8,24.029806053053537,483.55370458369464,506.0462954163054,2.177777777777778,0.42102014169645147,1.9807342860708872,2.374821269484669,2.5,0.0,2.5,2.5,-349.2446781617999,3.25858914074622,-350.7697448242726,-347.71961149932724,704.4893563235998,6.517178281492442,701.4392229986545,707.5394896485452,718.5431915066035,6.517178281492442,715.4930581816582,721.5933248315489
80,M2,20,0.9425000000000001,0.010114476337356633,0.937766279360724,0.9472337206392762,494.3,22.639276536701946,483.7044924298993,504.89550757010073,2.166666666666667,0.3973597071195132,1.980696599203939,2.352636734129395,2.1404511435451914,0.014543030141425361,2.1336447959260054,2.1472574911643774,-418.5857581203021,5.926676828561754,-421.35952825826405,-415.81198798234016,845.1715162406042,11.853353657123524,839.6239759646803,850.7190565165281,863.909963151276,11.853353657123522,858.3624228753521,869.4575034271999
80,M3,20,0.9429374999999999,0.010067821002423618,0.9382256147296086,0.9476493852703911,494.6,23.656311052900428,483.5285056244921,505.67149437550796,2.188888888888889,0.42516671041360315,1.989904743285161,2.387873034492617,2.4999999999974998,0.0,2.4999999999974998,2.4999999999974998,-35.349168115200655,2.7751055062472125,-36.64795747145956,-34.05037875894175,98.69833623040131,5.550211012494427,96.10075751788348,101.29591494291914,164.2829004177523,5.550211012494422,161.6853217052345,166.88047913027012
