interval,model,run_idx,parameters,mean_accuracy,total_reward,adaptation_time,mean_gamma,log_likelihood,aic,bic
160,M1,0,3,0.94125,494,1.75,2.5,-349.0329384707602,704.0658769415204,718.1197121245242
160,M1,1,3,0.95875,490,2.0,2.5,-350.14819178667875,706.2963835733575,720.3502187563613
160,M1,2,3,0.965,538,2.75,2.5,-343.7211112995822,693.4422225991644,707.4960577821682
160,M1,3,3,0.93875,506,2.25,2.5,-346.8617493040862,699.7234986081723,713.7773337911761
160,M1,4,3,0.95125,506,1.75,2.5,-347.4120820969715,700.824164193943,714.8779993769468
160,M1,5,3,0.95875,482,1.25,2.5,-350.40938665138293,706.8187733027659,720.8726084857697
160,M1,6,3,0.95875,496,1.75,2.5,-348.77653279699615,703.5530655939923,717.6069007769961
160,M1,7,3,0.9625,530,2.0,2.5,-343.40392404356095,692.8078480871219,706.8616832701257
160,M1,8,3,0.94625,466,2.0,2.5,-352.13005447605883,710.2601089521177,724.3139441351215
160,M1,9,3,0.955,524,2.5,2.5,-346.3846939079583,698.7693878159166,712.8232229989204
160,M1,10,3,0.96125,502,2.25,2.5,-349.83787477821215,705.6757495564243,719.7295847394281
160,M1,11,3,0.97,518,1.75,2.5,-346.2141839135195,698.428367827039,712.4822030100428
160,M1,12,3,0.9675,528,3.0,2.5,-345.62133158853965,697.2426631770793,711.2964983600831
160,M1,13,3,0.96625,534,2.75,2.5,-344.4406479395176,694.8812958790352,708.935131062039
160,M1,14,3,0.94625,498,3.5,2.5,-348.30605261154136,702.6121052230827,716.6659404060865
160,M1,15,3,0.96875,518,1.5,2.5,-345.6040108264328,697.2080216528656,711.2618568358694
160,M1,16,3,0.96875,536,1.75,2.5,-344.87306711576707,695.7461342315341,709.7999694145379
160,M1,17,3,0.9625,538,2.5,2.5,-343.44713243428055,692.8942648685611,706.9481000515649
160,M1,18,3,0.9625,548,2.5,2.5,-341.32033604660467,688.6406720932093,702.6945072762131
160,M1,19,3,0.92875,464,2.5,2.5,-354.28378198277,714.56756396554,728.6213991485438
160,M2,0,4,0.94,496,1.75,2.143009316089243,-417.5673145326417,843.1346290652834,861.8730759759551
160,M2,1,4,0.95875,490,2.0,2.1333474509415864,-420.656641189232,849.313282378464,868.0517292891357
160,M2,2,4,0.96375,536,2.75,2.16819136060007,-407.6036474298843,823.2072948597686,841.9457417704402
160,M2,3,4,0.9375,504,2.25,2.155688572947387,-413.0950860855239,834.1901721710478,852.9286190817195
160,M2,4,4,0.9525,508,1.75,2.1466165394443886,-415.57380912328347,839.1476182465669,857.8860651572386
160,M2,5,4,0.95875,486,1.25,2.1330889155928845,-421.2639462311844,850.5278924623688,869.2663393730404
160,M2,6,4,0.9575,494,1.75,2.141788912950012,-417.7735377050804,843.5470754101608,862.2855223208325
160,M2,7,4,0.9625,530,2.0,2.1652942299526368,-408.0294856454325,824.058971290865,842.7974182015366
160,M2,8,4,0.94625,466,2.0,2.126793665976716,-424.40600617920984,856.8120123584197,875.5504592690913
160,M2,9,4,0.95375,526,2.5,2.15132793963269,-413.52741555870637,835.0548311174127,853.7932780280844
160,M2,10,4,0.96,504,2.25,2.137353735690428,-419.7233922184528,847.4467844369055,866.1852313475772
160,M2,11,4,0.97,518,1.75,2.1487060268439895,-414.015582470907,836.031164941814,854.7696118524857
160,M2,12,4,0.96375,522,3.0,2.1577660646673293,-411.9750368941924,831.9500737883848,850.6885206990564
160,M2,13,4,0.9625,528,2.75,2.161520144238273,-410.05933671321355,828.1186734264271,846.8571203370988
160,M2,14,4,0.945,496,3.5,2.1428463926528787,-417.7869899042166,843.5739798084333,862.3124267191049
160,M2,15,4,0.96375,510,1.5,2.150934667210058,-414.05898955729936,836.1179791145987,854.8564260252704
160,M2,16,4,0.9675,534,1.75,2.160726548903934,-410.2245423652356,828.4490847304712,847.1875316411429
160,M2,17,4,0.9625,538,2.5,2.169336286775052,-407.03115745146823,822.0623149029365,840.8007618136081
160,M2,18,4,0.96,544,2.5,2.1773431391310485,-403.8158427861024,815.6316855722048,834.3701324828764
160,M2,19,4,0.92875,464,2.5,2.1294450446844326,-424.92164582335124,857.8432916467025,876.5817385573741
160,M3,0,14,0.94125,498,1.75,2.4999999999974993,-36.0071999996087,100.0143999992174,165.59896418656837
160,M3,1,14,0.95875,490,2.0,2.4999999999974993,-35.46784548894831,98.93569097789663,164.5202551652476
160,M3,2,14,0.96375,540,2.75,2.4999999999974993,-32.532138680954205,93.06427736190841,158.64884154925937
160,M3,3,14,0.9375,504,2.25,2.4999999999974993,-33.39376281701185,94.7875256340237,160.3720898213747
160,M3,4,14,0.95125,506,1.75,2.4999999999974993,-32.995946197201874,93.99189239440375,159.5764565817547
160,M3,5,14,0.95875,482,1.25,2.4999999999974993,-35.57507201850632,99.15014403701264,164.7347082243636
160,M3,6,14,0.9575,498,1.75,2.4999999999974993,-34.90453189476377,97.80906378952754,163.39362797687852
160,M3,7,14,0.9625,530,2.0,2.4999999999974993,-29.73210076642056,87.46420153284112,153.0487657201921
160,M3,8,14,0.94625,466,2.0,2.4999999999974993,-36.21312695610261,100.42625391220523,166.01081809955622
160,M3,9,14,0.95375,522,2.5,2.4999999999974993,-34.136517222225145,96.27303444445029,161.85759863180127
160,M3,10,14,0.96,500,2.5,2.4999999999974993,-35.93133845860623,99.86267691721245,165.44724110456343
160,M3,11,14,0.96875,516,1.75,2.4999999999974993,-32.38778372736051,92.77556745472101,158.360131642072
160,M3,12,14,0.965,528,3.0,2.4999999999974993,-33.91480529761766,95.82961059523532,161.41417478258631
160,M3,13,14,0.965,532,2.75,2.4999999999974993,-31.33229973277306,90.66459946554612,156.2491636528971
160,M3,14,14,0.945,496,3.5,2.4999999999974993,-34.35770584210692,96.71541168421383,162.2999758715648
160,M3,15,14,0.96875,518,1.5,2.4999999999974993,-30.5364554044688,89.07291080893759,154.65747499628858
160,M3,16,14,0.96875,536,1.75,2.4999999999974993,-33.09344490204803,94.18688980409605,159.77145399144703
160,M3,17,14,0.96125,536,2.5,2.4999999999974993,-31.685146770931443,91.37029354186288,156.95485772921387
160,M3,18,14,0.9625,548,2.5,2.4999999999974993,-30.05153169869135,88.1030633973827,153.68762758473366
160,M3,19,14,0.93125,468,2.5,2.4999999999974993,-42.65125509154657,113.30251018309313,178.8870743704441
